FacultyID,Name,Email,DepartmentID
1,Andrew Velasquez,sandyreyes@example.net,7
2,Denise Romero,pmorgan@example.com,5
3,Nancy Meadows,amy41@example.com,4
4,Christine Johnson,pfernandez@example.org,2
5,Steve Daniel,johnbryant@example.com,6
6,Stephen Gomez,angelacollins@example.org,8
7,James Gonzalez,jonessteven@example.com,6
8,Nancy Patel,brian71@example.com,1
9,Brandon Williams,brett15@example.com,2
10,Brittany Conway,ebyrd@example.org,1
11,Steven Graham,lisa12@example.org,7
12,Christina Christian,morganwalter@example.org,1
13,Morgan Lara,angelacasey@example.com,8
14,Raymond Kent,carlahudson@example.net,4
15,Elizabeth Summers,smitherik@example.org,8
16,Ricky Flores,mgibson@example.net,1
17,Vickie Cook,ryan50@example.com,7
18,Richard Ellis,hubbarddavid@example.net,6
19,Brett Campbell,ljones@example.net,3
20,Randy Cook,cheryllopez@example.com,2
21,Sara Bean,matthew76@example.com,9
22,Michael Delgado,wellsrobert@example.org,6
23,Amanda Moody,joyce76@example.com,5
24,Jessica Lucas,hsmith@example.com,6
25,Michelle Park,ramirezparker@example.com,4
26,Diana Cooper,michael49@example.com,6
27,Lori Gonzalez,loganmendez@example.com,3
28,Tyler Ford,ramirezcourtney@example.com,10
29,Laura Reeves,brian46@example.org,2
30,Michael Forbes,ppark@example.net,7
31,Walter Patel,scollins@example.net,2
32,Amy Murphy,lewispaula@example.net,9
33,Jennifer Vincent,kimjoseph@example.com,6
34,Jennifer Eaton,qrush@example.net,7
35,Brooke Nguyen,baileygrace@example.org,2
36,Andrew Rodriguez,warneramanda@example.net,3
37,Mr. Gordon Johnson,uwilson@example.net,9
38,Allison Strong,jason32@example.net,4
39,Barbara Cuevas MD,jeremypowers@example.com,9
40,Ashley James,stewarteric@example.org,8
41,Heather Munoz,alvareztimothy@example.org,10
42,Karen Carr,bmcfarland@example.org,2
43,Scott Martinez,ricardo74@example.org,7
44,Jorge Stephens,xkim@example.org,9
45,James Hull,james23@example.net,3
46,Heather Gutierrez,bmcdonald@example.org,3
47,Timothy Humphrey,ydavis@example.net,1
48,Brett Khan,tgilbert@example.com,2
49,Roger Rivera,phillip50@example.net,9
50,Rebecca Miller,robin54@example.net,9
51,John Clarke,wadejason@example.org,8
52,Sarah Mcpherson,christopher22@example.com,6
53,Amy Murphy,codycervantes@example.org,4
54,Jeffrey Rose,ryananderson@example.com,4
55,Darren Moss,cheryl50@example.com,6
56,Ryan Woods,yfoster@example.org,9
57,Angel Ryan,rebeccawilliams@example.org,4
58,Terry Macias,kelly56@example.org,3
59,Richard Brown,kimberlywhite@example.net,3
60,Kevin Phillips,hunterdillon@example.com,2
61,Robert Burnett,andrewsolomon@example.net,5
62,Denise Mitchell,jessica73@example.net,4
63,Sheryl Cole,warrencynthia@example.org,6
64,Mark Solomon,cknight@example.org,2
65,Randy Mcdonald,pkemp@example.com,6
66,Rachel Doyle,michaelweaver@example.net,7
67,Jennifer Parker,john50@example.com,7
68,Anna Palmer,kimberlykelley@example.org,1
69,Kyle Leonard,kshort@example.com,4
70,Ashley Ross,ubennett@example.net,10
71,Tammy Randall,harrisontodd@example.com,9
72,Natalie Heath,anguyen@example.org,9
73,Jeanette Torres,lerhonda@example.net,3
74,Tamara Meyer,hurstjames@example.net,5
75,Daryl Anthony,christygraham@example.net,4
76,Krystal Whitney,wwatkins@example.org,6
77,Shelly Henderson,morganpatrick@example.org,8
78,Daniel Warren,matthewbuckley@example.org,2
79,Maria Oliver,cynthiapierce@example.org,3
80,Melissa Hernandez,sarah17@example.com,3
81,Lawrence Contreras,clementselizabeth@example.com,3
82,Karen Berg,shawcaroline@example.net,9
83,Joshua Burke,anthony27@example.com,8
84,Jeffrey Suarez,tim66@example.net,4
85,Terry Brown,robinsonjoshua@example.com,1
86,Elizabeth Shields,nathanielvillarreal@example.com,2
87,Maxwell Hamilton,jonesamber@example.org,9
88,Caitlyn Washington,humphreyricky@example.org,4
89,Anthony Levine,jackiejohnson@example.net,8
90,Erika Park,cmccann@example.org,4
91,Leslie Wang,dmartinez@example.com,7
92,Sean Johnston,aaronrodriguez@example.com,1
93,Nancy Clark,kimberlycox@example.com,5
94,Stacey Perkins,mitchell74@example.org,4
95,Alex Stephens,bhoover@example.org,2
96,Brandon House,robertramirez@example.com,7
97,Frank Lewis,natasha91@example.com,10
98,Dustin Richardson,curryantonio@example.org,10
99,Rachel Lopez,hughesjoseph@example.net,10
100,Alison Stewart,patrick05@example.org,9
